movieId,title,genres,primary_genre,year
1,Toy Story (1995),Animation,Animation,1996
2,GoldenEye (1995),Action,Action,1996
3,Four Rooms (1995),Thriller,Thriller,1996
4,Get Shorty (1995),Comedy,Comedy,1996
5,Copycat (1995),Crime,Crime,1996
6,Shanghai Triad (1995),Drama,Drama,1996
7,Twelve Monkeys (1995),Sci-Fi,Sci-Fi,1996
8,Babe (1995),Childrens,Childrens,1996
9,Dead Man Walking (1995),Drama,Drama,1996
10,Richard III (1995),Drama,Drama,1996
11,Seven (Se7en) (1995),Crime,Crime,1996
12,"Usual Suspects, The (1995)",Crime,Crime,1996
13,Mighty Aphrodite (1995),Comedy,Comedy,1996
14,"Postino, Il (1994)",Romance,Romance,1996
15,Mr. Holland's Opus (1995),Drama,Drama,1996
16,French Twist (1995),Comedy,Comedy,1996
17,From Dusk Till Dawn (1996),Horror,Horror,1996
18,"White Balloon, The (1995)",Drama,Drama,1996
19,Antonia's Line (1995),Drama,Drama,1996
20,Angels and Insects (1995),Drama,Drama,1996
21,Muppet Treasure Island (1996),Comedy,Comedy,1996
22,Braveheart (1995),Action,Action,1996
23,Batman Forever (1995),Action,Action,1996
24,Ace Ventura: Pet Detective (1994),Comedy,Comedy,1996
25,Mary Shelley's Frankenstein (1994),Horror,Horror,1996
26,"Shawshank Redemption, The (1994)",Drama,Drama,1996
27,Forrest Gump (1994),Drama,Drama,1996
28,Pulp Fiction (1994),Crime,Crime,1996
29,"Silence of the Lambs, The (1991)",Thriller,Thriller,1996
30,Schindler's List (1993),Drama,Drama,1996
31,Star Wars (1977),Sci-Fi,Sci-Fi,1996
32,Raiders of the Lost Ark (1981),Action,Action,1996
33,Fargo (1996),Crime,Crime,1996
34,GoodFellas (1990),Crime,Crime,1996
35,Back to the Future (1985),Sci-Fi,Sci-Fi,1996
36,Jurassic Park (1993),Sci-Fi,Sci-Fi,1996
37,Titanic (1997),Romance,Romance,1996
38,Groundhog Day (1993),Comedy,Comedy,1996
39,Speed (1994),Action,Action,1996
40,Léon (The Professional) (1994),Action,Action,1996
41,Die Hard (1988),Action,Action,1996
42,Home Alone (1990),Comedy,Comedy,1996
43,Terminator 2: Judgment Day (1991),Action,Action,1996
44,"Lion King, The (1994)",Animation,Animation,1996
45,Aladdin (1992),Animation,Animation,1996
46,Beauty and the Beast (1991),Animation,Animation,1996
47,Schindler's List (1993),Drama,Drama,1996
48,Trainspotting (1996),Drama,Drama,1996
49,Reservoir Dogs (1992),Crime,Crime,1996
50,Monty Python and the Holy Grail (1975),Comedy,Comedy,1996
51,Movie 51 (1996),Western,Western,1996
52,Movie 52 (1997),Musical,Musical,1996
53,Movie 53 (1998),Adventure,Adventure,1996
54,Movie 54 (1990),Film-Noir,Film-Noir,1996
55,Movie 55 (1991),Childrens,Childrens,1996
56,Movie 56 (1992),Romance,Romance,1996
57,Movie 57 (1993),Thriller,Thriller,1996
58,Movie 58 (1994),Sci-Fi,Sci-Fi,1996
59,Movie 59 (1995),Drama,Drama,1996
60,Movie 60 (1996),Romance,Romance,1996
61,Movie 61 (1997),Drama,Drama,1996
62,Movie 62 (1998),Thriller,Thriller,1996
63,Movie 63 (1990),Mystery,Mystery,1996
64,Movie 64 (1991),Western,Western,1996
65,Movie 65 (1992),Sci-Fi,Sci-Fi,1996
66,Movie 66 (1993),Mystery,Mystery,1996
67,Movie 67 (1994),Fantasy,Fantasy,1996
68,Movie 68 (1995),Sci-Fi,Sci-Fi,1996
69,Movie 69 (1996),Mystery,Mystery,1996
70,Movie 70 (1997),Action,Action,1996
71,Movie 71 (1998),Documentary,Documentary,1996
72,Movie 72 (1990),Fantasy,Fantasy,1996
73,Movie 73 (1991),Action,Action,1996
74,Movie 74 (1992),Musical,Musical,1996
75,Movie 75 (1993),Drama,Drama,1996
76,Movie 76 (1994),Horror,Horror,1996
77,Movie 77 (1995),War,War,1996
78,Movie 78 (1996),Drama,Drama,1996
79,Movie 79 (1997),Animation,Animation,1996
80,Movie 80 (1998),Animation,Animation,1996
81,Movie 81 (1990),Action,Action,1996
82,Movie 82 (1991),Comedy,Comedy,1996
83,Movie 83 (1992),Film-Noir,Film-Noir,1996
84,Movie 84 (1993),Documentary,Documentary,1996
85,Movie 85 (1994),Fantasy,Fantasy,1996
86,Movie 86 (1995),Documentary,Documentary,1996
87,Movie 87 (1996),Fantasy,Fantasy,1996
88,Movie 88 (1997),Drama,Drama,1996
89,Movie 89 (1998),Musical,Musical,1996
90,Movie 90 (1990),Adventure,Adventure,1996
91,Movie 91 (1991),Action,Action,1996
92,Movie 92 (1992),Thriller,Thriller,1996
93,Movie 93 (1993),Comedy,Comedy,1996
94,Movie 94 (1994),Animation,Animation,1996
95,Movie 95 (1995),Musical,Musical,1996
96,Movie 96 (1996),Drama,Drama,1996
97,Movie 97 (1997),Animation,Animation,1996
98,Movie 98 (1998),Action,Action,1996
99,Movie 99 (1990),Animation,Animation,1996
100,Movie 100 (1991),Comedy,Comedy,1996
101,Movie 101 (1992),Sci-Fi,Sci-Fi,1996
102,Movie 102 (1993),Romance,Romance,1996
103,Movie 103 (1994),Animation,Animation,1996
104,Movie 104 (1995),Action,Action,1996
105,Movie 105 (1996),Comedy,Comedy,1996
106,Movie 106 (1997),Romance,Romance,1996
107,Movie 107 (1998),Documentary,Documentary,1996
108,Movie 108 (1990),Fantasy,Fantasy,1996
109,Movie 109 (1991),Sci-Fi,Sci-Fi,1996
110,Movie 110 (1992),Sci-Fi,Sci-Fi,1996
111,Movie 111 (1993),Film-Noir,Film-Noir,1996
112,Movie 112 (1994),Mystery,Mystery,1996
113,Movie 113 (1995),Documentary,Documentary,1996
114,Movie 114 (1996),War,War,1996
115,Movie 115 (1997),Childrens,Childrens,1996
116,Movie 116 (1998),Comedy,Comedy,1996
117,Movie 117 (1990),Documentary,Documentary,1996
118,Movie 118 (1991),Mystery,Mystery,1996
119,Movie 119 (1992),Sci-Fi,Sci-Fi,1996
120,Movie 120 (1993),Horror,Horror,1996
121,Movie 121 (1994),Childrens,Childrens,1996
122,Movie 122 (1995),Mystery,Mystery,1996
123,Movie 123 (1996),Documentary,Documentary,1996
124,Movie 124 (1997),Adventure,Adventure,1996
125,Movie 125 (1998),Film-Noir,Film-Noir,1996
126,Movie 126 (1990),Mystery,Mystery,1996
127,Movie 127 (1991),Crime,Crime,1996
128,Movie 128 (1992),Musical,Musical,1996
129,Movie 129 (1993),Musical,Musical,1996
130,Movie 130 (1994),Horror,Horror,1996
131,Movie 131 (1995),Documentary,Documentary,1996
132,Movie 132 (1996),Action,Action,1996
133,Movie 133 (1997),Action,Action,1996
134,Movie 134 (1998),Mystery,Mystery,1996
135,Movie 135 (1990),Fantasy,Fantasy,1996
136,Movie 136 (1991),Animation,Animation,1996
137,Movie 137 (1992),Documentary,Documentary,1996
138,Movie 138 (1993),Crime,Crime,1996
139,Movie 139 (1994),Drama,Drama,1996
140,Movie 140 (1995),Fantasy,Fantasy,1996
141,Movie 141 (1996),Comedy,Comedy,1996
142,Movie 142 (1997),Action,Action,1996
143,Movie 143 (1998),Film-Noir,Film-Noir,1996
144,Movie 144 (1990),Musical,Musical,1996
145,Movie 145 (1991),Sci-Fi,Sci-Fi,1996
146,Movie 146 (1992),Fantasy,Fantasy,1996
147,Movie 147 (1993),War,War,1996
148,Movie 148 (1994),War,War,1996
149,Movie 149 (1995),Musical,Musical,1996
150,Movie 150 (1996),Documentary,Documentary,1996
151,Movie 151 (1997),Adventure,Adventure,1996
152,Movie 152 (1998),Animation,Animation,1996
153,Movie 153 (1990),War,War,1996
154,Movie 154 (1991),Comedy,Comedy,1996
155,Movie 155 (1992),War,War,1996
156,Movie 156 (1993),War,War,1996
157,Movie 157 (1994),War,War,1996
158,Movie 158 (1995),Adventure,Adventure,1996
159,Movie 159 (1996),Adventure,Adventure,1996
160,Movie 160 (1997),Comedy,Comedy,1996
161,Movie 161 (1998),Action,Action,1996
162,Movie 162 (1990),Action,Action,1996
163,Movie 163 (1991),Adventure,Adventure,1996
164,Movie 164 (1992),Musical,Musical,1996
165,Movie 165 (1993),Crime,Crime,1996
166,Movie 166 (1994),Childrens,Childrens,1996
167,Movie 167 (1995),Horror,Horror,1996
168,Movie 168 (1996),War,War,1996
169,Movie 169 (1997),Crime,Crime,1996
170,Movie 170 (1998),Comedy,Comedy,1996
171,Movie 171 (1990),Adventure,Adventure,1996
172,Movie 172 (1991),Crime,Crime,1996
173,Movie 173 (1992),Horror,Horror,1996
174,Movie 174 (1993),Thriller,Thriller,1996
175,Movie 175 (1994),Thriller,Thriller,1996
176,Movie 176 (1995),Action,Action,1996
177,Movie 177 (1996),Fantasy,Fantasy,1996
178,Movie 178 (1997),Crime,Crime,1996
179,Movie 179 (1998),Thriller,Thriller,1996
180,Movie 180 (1990),Animation,Animation,1996
181,Movie 181 (1991),Childrens,Childrens,1996
182,Movie 182 (1992),Animation,Animation,1996
183,Movie 183 (1993),Documentary,Documentary,1996
184,Movie 184 (1994),Fantasy,Fantasy,1996
185,Movie 185 (1995),Action,Action,1996
186,Movie 186 (1996),Drama,Drama,1996
187,Movie 187 (1997),Documentary,Documentary,1996
188,Movie 188 (1998),Western,Western,1996
189,Movie 189 (1990),Drama,Drama,1996
190,Movie 190 (1991),Action,Action,1996
191,Movie 191 (1992),Horror,Horror,1996
192,Movie 192 (1993),Western,Western,1996
193,Movie 193 (1994),Film-Noir,Film-Noir,1996
194,Movie 194 (1995),Animation,Animation,1996
195,Movie 195 (1996),Documentary,Documentary,1996
196,Movie 196 (1997),Thriller,Thriller,1996
197,Movie 197 (1998),Thriller,Thriller,1996
198,Movie 198 (1990),War,War,1996
199,Movie 199 (1991),Adventure,Adventure,1996
200,Movie 200 (1992),Action,Action,1996
201,Movie 201 (1993),Thriller,Thriller,1996
202,Movie 202 (1994),Musical,Musical,1996
203,Movie 203 (1995),Comedy,Comedy,1996
204,Movie 204 (1996),Comedy,Comedy,1996
205,Movie 205 (1997),Fantasy,Fantasy,1996
206,Movie 206 (1998),Fantasy,Fantasy,1996
207,Movie 207 (1990),Animation,Animation,1996
208,Movie 208 (1991),Thriller,Thriller,1996
209,Movie 209 (1992),Thriller,Thriller,1996
210,Movie 210 (1993),Animation,Animation,1996
211,Movie 211 (1994),Action,Action,1996
212,Movie 212 (1995),Horror,Horror,1996
213,Movie 213 (1996),War,War,1996
214,Movie 214 (1997),Drama,Drama,1996
215,Movie 215 (1998),Childrens,Childrens,1996
216,Movie 216 (1990),Crime,Crime,1996
217,Movie 217 (1991),Drama,Drama,1996
218,Movie 218 (1992),Animation,Animation,1996
219,Movie 219 (1993),Thriller,Thriller,1996
220,Movie 220 (1994),Animation,Animation,1996
221,Movie 221 (1995),Western,Western,1996
222,Movie 222 (1996),Romance,Romance,1996
223,Movie 223 (1997),Western,Western,1996
224,Movie 224 (1998),Adventure,Adventure,1996
225,Movie 225 (1990),Animation,Animation,1996
226,Movie 226 (1991),Thriller,Thriller,1996
227,Movie 227 (1992),Fantasy,Fantasy,1996
228,Movie 228 (1993),Childrens,Childrens,1996
229,Movie 229 (1994),Action,Action,1996
230,Movie 230 (1995),Childrens,Childrens,1996
231,Movie 231 (1996),Action,Action,1996
232,Movie 232 (1997),Romance,Romance,1996
233,Movie 233 (1998),Thriller,Thriller,1996
234,Movie 234 (1990),Drama,Drama,1996
235,Movie 235 (1991),Documentary,Documentary,1996
236,Movie 236 (1992),Animation,Animation,1996
237,Movie 237 (1993),War,War,1996
238,Movie 238 (1994),Action,Action,1996
239,Movie 239 (1995),Thriller,Thriller,1996
240,Movie 240 (1996),Musical,Musical,1996
241,Movie 241 (1997),Romance,Romance,1996
242,Movie 242 (1998),Crime,Crime,1996
243,Movie 243 (1990),Crime,Crime,1996
244,Movie 244 (1991),Mystery,Mystery,1996
245,Movie 245 (1992),Drama,Drama,1996
246,Movie 246 (1993),Adventure,Adventure,1996
247,Movie 247 (1994),Action,Action,1996
248,Movie 248 (1995),Sci-Fi,Sci-Fi,1996
249,Movie 249 (1996),Action,Action,1996
250,Movie 250 (1997),Comedy,Comedy,1996
251,Movie 251 (1998),Thriller,Thriller,1996
252,Movie 252 (1990),Childrens,Childrens,1996
253,Movie 253 (1991),Animation,Animation,1996
254,Movie 254 (1992),War,War,1996
255,Movie 255 (1993),War,War,1996
256,Movie 256 (1994),Musical,Musical,1996
257,Movie 257 (1995),Romance,Romance,1996
258,Movie 258 (1996),Crime,Crime,1996
259,Movie 259 (1997),Animation,Animation,1996
260,Movie 260 (1998),Fantasy,Fantasy,1996
261,Movie 261 (1990),Comedy,Comedy,1996
262,Movie 262 (1991),War,War,1996
263,Movie 263 (1992),Romance,Romance,1996
264,Movie 264 (1993),Animation,Animation,1996
265,Movie 265 (1994),Action,Action,1996
266,Movie 266 (1995),Action,Action,1996
267,Movie 267 (1996),Animation,Animation,1996
268,Movie 268 (1997),Western,Western,1996
269,Movie 269 (1998),Film-Noir,Film-Noir,1996
270,Movie 270 (1990),Animation,Animation,1996
271,Movie 271 (1991),Drama,Drama,1996
272,Movie 272 (1992),Romance,Romance,1996
273,Movie 273 (1993),Western,Western,1996
274,Movie 274 (1994),Sci-Fi,Sci-Fi,1996
275,Movie 275 (1995),Adventure,Adventure,1996
276,Movie 276 (1996),Film-Noir,Film-Noir,1996
277,Movie 277 (1997),Adventure,Adventure,1996
278,Movie 278 (1998),War,War,1996
279,Movie 279 (1990),Drama,Drama,1996
280,Movie 280 (1991),Action,Action,1996
281,Movie 281 (1992),Fantasy,Fantasy,1996
282,Movie 282 (1993),Horror,Horror,1996
283,Movie 283 (1994),Thriller,Thriller,1996
284,Movie 284 (1995),Documentary,Documentary,1996
285,Movie 285 (1996),Film-Noir,Film-Noir,1996
286,Movie 286 (1997),Animation,Animation,1996
287,Movie 287 (1998),Western,Western,1996
288,Movie 288 (1990),Mystery,Mystery,1996
289,Movie 289 (1991),Documentary,Documentary,1996
290,Movie 290 (1992),Childrens,Childrens,1996
291,Movie 291 (1993),Mystery,Mystery,1996
292,Movie 292 (1994),Action,Action,1996
293,Movie 293 (1995),Drama,Drama,1996
294,Movie 294 (1996),Romance,Romance,1996
295,Movie 295 (1997),Thriller,Thriller,1996
296,Movie 296 (1998),Romance,Romance,1996
297,Movie 297 (1990),Musical,Musical,1996
298,Movie 298 (1991),Sci-Fi,Sci-Fi,1996
299,Movie 299 (1992),Adventure,Adventure,1996
300,Movie 300 (1993),Adventure,Adventure,1996
301,Movie 301 (1994),War,War,1996
302,Movie 302 (1995),Film-Noir,Film-Noir,1996
303,Movie 303 (1996),Crime,Crime,1996
304,Movie 304 (1997),Sci-Fi,Sci-Fi,1996
305,Movie 305 (1998),Horror,Horror,1996
306,Movie 306 (1990),Comedy,Comedy,1996
307,Movie 307 (1991),Action,Action,1996
308,Movie 308 (1992),Drama,Drama,1996
309,Movie 309 (1993),Musical,Musical,1996
310,Movie 310 (1994),Musical,Musical,1996
311,Movie 311 (1995),Comedy,Comedy,1996
312,Movie 312 (1996),Documentary,Documentary,1996
313,Movie 313 (1997),Childrens,Childrens,1996
314,Movie 314 (1998),Crime,Crime,1996
315,Movie 315 (1990),Mystery,Mystery,1996
316,Movie 316 (1991),Sci-Fi,Sci-Fi,1996
317,Movie 317 (1992),Animation,Animation,1996
318,Movie 318 (1993),Drama,Drama,1996
319,Movie 319 (1994),Thriller,Thriller,1996
320,Movie 320 (1995),Mystery,Mystery,1996
321,Movie 321 (1996),Western,Western,1996
322,Movie 322 (1997),Film-Noir,Film-Noir,1996
323,Movie 323 (1998),War,War,1996
324,Movie 324 (1990),Comedy,Comedy,1996
325,Movie 325 (1991),Fantasy,Fantasy,1996
326,Movie 326 (1992),Musical,Musical,1996
327,Movie 327 (1993),Action,Action,1996
328,Movie 328 (1994),Action,Action,1996
329,Movie 329 (1995),Sci-Fi,Sci-Fi,1996
330,Movie 330 (1996),Adventure,Adventure,1996
331,Movie 331 (1997),Thriller,Thriller,1996
332,Movie 332 (1998),Drama,Drama,1996
333,Movie 333 (1990),Mystery,Mystery,1996
334,Movie 334 (1991),Action,Action,1996
335,Movie 335 (1992),Thriller,Thriller,1996
336,Movie 336 (1993),Documentary,Documentary,1996
337,Movie 337 (1994),Comedy,Comedy,1996
338,Movie 338 (1995),Animation,Animation,1996
339,Movie 339 (1996),Musical,Musical,1996
340,Movie 340 (1997),Thriller,Thriller,1996
341,Movie 341 (1998),Comedy,Comedy,1996
342,Movie 342 (1990),Romance,Romance,1996
343,Movie 343 (1991),Comedy,Comedy,1996
344,Movie 344 (1992),Sci-Fi,Sci-Fi,1996
345,Movie 345 (1993),War,War,1996
346,Movie 346 (1994),Romance,Romance,1996
347,Movie 347 (1995),Comedy,Comedy,1996
348,Movie 348 (1996),Musical,Musical,1996
349,Movie 349 (1997),Thriller,Thriller,1996
350,Movie 350 (1998),Thriller,Thriller,1996
351,Movie 351 (1990),Documentary,Documentary,1996
352,Movie 352 (1991),Childrens,Childrens,1996
353,Movie 353 (1992),Action,Action,1996
354,Movie 354 (1993),Comedy,Comedy,1996
355,Movie 355 (1994),Film-Noir,Film-Noir,1996
356,Movie 356 (1995),Comedy,Comedy,1996
357,Movie 357 (1996),Childrens,Childrens,1996
358,Movie 358 (1997),Adventure,Adventure,1996
359,Movie 359 (1998),Film-Noir,Film-Noir,1996
360,Movie 360 (1990),Action,Action,1996
361,Movie 361 (1991),Comedy,Comedy,1996
362,Movie 362 (1992),Mystery,Mystery,1996
363,Movie 363 (1993),Childrens,Childrens,1996
364,Movie 364 (1994),Thriller,Thriller,1996
365,Movie 365 (1995),Thriller,Thriller,1996
366,Movie 366 (1996),Adventure,Adventure,1996
367,Movie 367 (1997),War,War,1996
368,Movie 368 (1998),Musical,Musical,1996
369,Movie 369 (1990),Western,Western,1996
370,Movie 370 (1991),Animation,Animation,1996
371,Movie 371 (1992),Action,Action,1996
372,Movie 372 (1993),Action,Action,1996
373,Movie 373 (1994),Horror,Horror,1996
374,Movie 374 (1995),Comedy,Comedy,1996
375,Movie 375 (1996),Musical,Musical,1996
376,Movie 376 (1997),Animation,Animation,1996
377,Movie 377 (1998),Action,Action,1996
378,Movie 378 (1990),Action,Action,1996
379,Movie 379 (1991),Drama,Drama,1996
380,Movie 380 (1992),Film-Noir,Film-Noir,1996
381,Movie 381 (1993),Horror,Horror,1996
382,Movie 382 (1994),Musical,Musical,1996
383,Movie 383 (1995),Mystery,Mystery,1996
384,Movie 384 (1996),Musical,Musical,1996
385,Movie 385 (1997),Romance,Romance,1996
386,Movie 386 (1998),Adventure,Adventure,1996
387,Movie 387 (1990),Western,Western,1996
388,Movie 388 (1991),Animation,Animation,1996
389,Movie 389 (1992),War,War,1996
390,Movie 390 (1993),Drama,Drama,1996
391,Movie 391 (1994),Film-Noir,Film-Noir,1996
392,Movie 392 (1995),Adventure,Adventure,1996
393,Movie 393 (1996),Fantasy,Fantasy,1996
394,Movie 394 (1997),Documentary,Documentary,1996
395,Movie 395 (1998),Childrens,Childrens,1996
396,Movie 396 (1990),Western,Western,1996
397,Movie 397 (1991),Mystery,Mystery,1996
398,Movie 398 (1992),Horror,Horror,1996
399,Movie 399 (1993),Childrens,Childrens,1996
400,Movie 400 (1994),Childrens,Childrens,1996
401,Movie 401 (1995),Film-Noir,Film-Noir,1996
402,Movie 402 (1996),Comedy,Comedy,1996
403,Movie 403 (1997),Fantasy,Fantasy,1996
404,Movie 404 (1998),Animation,Animation,1996
405,Movie 405 (1990),War,War,1996
406,Movie 406 (1991),Animation,Animation,1996
407,Movie 407 (1992),Thriller,Thriller,1996
408,Movie 408 (1993),Childrens,Childrens,1996
409,Movie 409 (1994),Western,Western,1996
410,Movie 410 (1995),War,War,1996
411,Movie 411 (1996),Documentary,Documentary,1996
412,Movie 412 (1997),Comedy,Comedy,1996
413,Movie 413 (1998),Musical,Musical,1996
414,Movie 414 (1990),War,War,1996
415,Movie 415 (1991),Mystery,Mystery,1996
416,Movie 416 (1992),Animation,Animation,1996
417,Movie 417 (1993),Fantasy,Fantasy,1996
418,Movie 418 (1994),War,War,1996
419,Movie 419 (1995),War,War,1996
420,Movie 420 (1996),Thriller,Thriller,1996
421,Movie 421 (1997),Mystery,Mystery,1996
422,Movie 422 (1998),War,War,1996
423,Movie 423 (1990),Childrens,Childrens,1996
424,Movie 424 (1991),Musical,Musical,1996
425,Movie 425 (1992),Fantasy,Fantasy,1996
426,Movie 426 (1993),Musical,Musical,1996
427,Movie 427 (1994),Fantasy,Fantasy,1996
428,Movie 428 (1995),Documentary,Documentary,1996
429,Movie 429 (1996),Romance,Romance,1996
430,Movie 430 (1997),Sci-Fi,Sci-Fi,1996
431,Movie 431 (1998),Thriller,Thriller,1996
432,Movie 432 (1990),Comedy,Comedy,1996
433,Movie 433 (1991),Animation,Animation,1996
434,Movie 434 (1992),Musical,Musical,1996
435,Movie 435 (1993),Childrens,Childrens,1996
436,Movie 436 (1994),Thriller,Thriller,1996
437,Movie 437 (1995),Documentary,Documentary,1996
438,Movie 438 (1996),Mystery,Mystery,1996
439,Movie 439 (1997),Film-Noir,Film-Noir,1996
440,Movie 440 (1998),Documentary,Documentary,1996
441,Movie 441 (1990),Romance,Romance,1996
442,Movie 442 (1991),Comedy,Comedy,1996
443,Movie 443 (1992),Animation,Animation,1996
444,Movie 444 (1993),Horror,Horror,1996
445,Movie 445 (1994),Horror,Horror,1996
446,Movie 446 (1995),Western,Western,1996
447,Movie 447 (1996),Sci-Fi,Sci-Fi,1996
448,Movie 448 (1997),Musical,Musical,1996
449,Movie 449 (1998),Fantasy,Fantasy,1996
450,Movie 450 (1990),Film-Noir,Film-Noir,1996
451,Movie 451 (1991),Musical,Musical,1996
452,Movie 452 (1992),War,War,1996
453,Movie 453 (1993),Crime,Crime,1996
454,Movie 454 (1994),Documentary,Documentary,1996
455,Movie 455 (1995),Romance,Romance,1996
456,Movie 456 (1996),Mystery,Mystery,1996
457,Movie 457 (1997),Drama,Drama,1996
458,Movie 458 (1998),Film-Noir,Film-Noir,1996
459,Movie 459 (1990),Fantasy,Fantasy,1996
460,Movie 460 (1991),Western,Western,1996
461,Movie 461 (1992),Adventure,Adventure,1996
462,Movie 462 (1993),Comedy,Comedy,1996
463,Movie 463 (1994),Comedy,Comedy,1996
464,Movie 464 (1995),Crime,Crime,1996
465,Movie 465 (1996),Drama,Drama,1996
466,Movie 466 (1997),Thriller,Thriller,1996
467,Movie 467 (1998),Mystery,Mystery,1996
468,Movie 468 (1990),Action,Action,1996
469,Movie 469 (1991),War,War,1996
470,Movie 470 (1992),Documentary,Documentary,1996
471,Movie 471 (1993),Mystery,Mystery,1996
472,Movie 472 (1994),Childrens,Childrens,1996
473,Movie 473 (1995),Childrens,Childrens,1996
474,Movie 474 (1996),Crime,Crime,1996
475,Movie 475 (1997),Musical,Musical,1996
476,Movie 476 (1998),Documentary,Documentary,1996
477,Movie 477 (1990),Film-Noir,Film-Noir,1996
478,Movie 478 (1991),Documentary,Documentary,1996
479,Movie 479 (1992),Animation,Animation,1996
480,Movie 480 (1993),Mystery,Mystery,1996
481,Movie 481 (1994),Mystery,Mystery,1996
482,Movie 482 (1995),Western,Western,1996
483,Movie 483 (1996),Drama,Drama,1996
484,Movie 484 (1997),Fantasy,Fantasy,1996
485,Movie 485 (1998),Documentary,Documentary,1996
486,Movie 486 (1990),Action,Action,1996
487,Movie 487 (1991),Animation,Animation,1996
488,Movie 488 (1992),Mystery,Mystery,1996
489,Movie 489 (1993),War,War,1996
490,Movie 490 (1994),Action,Action,1996
491,Movie 491 (1995),Crime,Crime,1996
492,Movie 492 (1996),Crime,Crime,1996
493,Movie 493 (1997),Musical,Musical,1996
494,Movie 494 (1998),Mystery,Mystery,1996
495,Movie 495 (1990),Mystery,Mystery,1996
496,Movie 496 (1991),Sci-Fi,Sci-Fi,1996
497,Movie 497 (1992),Thriller,Thriller,1996
498,Movie 498 (1993),Horror,Horror,1996
499,Movie 499 (1994),Comedy,Comedy,1996
500,Movie 500 (1995),Childrens,Childrens,1996
501,Movie 501 (1996),Animation,Animation,1996
502,Movie 502 (1997),Western,Western,1996
503,Movie 503 (1998),Sci-Fi,Sci-Fi,1996
504,Movie 504 (1990),Fantasy,Fantasy,1996
505,Movie 505 (1991),War,War,1996
506,Movie 506 (1992),Romance,Romance,1996
507,Movie 507 (1993),Sci-Fi,Sci-Fi,1996
508,Movie 508 (1994),Action,Action,1996
509,Movie 509 (1995),Animation,Animation,1996
510,Movie 510 (1996),Thriller,Thriller,1996
511,Movie 511 (1997),Horror,Horror,1996
512,Movie 512 (1998),Musical,Musical,1996
513,Movie 513 (1990),Film-Noir,Film-Noir,1996
514,Movie 514 (1991),Thriller,Thriller,1996
515,Movie 515 (1992),Drama,Drama,1996
516,Movie 516 (1993),Crime,Crime,1996
517,Movie 517 (1994),Musical,Musical,1996
518,Movie 518 (1995),Drama,Drama,1996
519,Movie 519 (1996),Childrens,Childrens,1996
520,Movie 520 (1997),Drama,Drama,1996
521,Movie 521 (1998),Western,Western,1996
522,Movie 522 (1990),Comedy,Comedy,1996
523,Movie 523 (1991),Fantasy,Fantasy,1996
524,Movie 524 (1992),Childrens,Childrens,1996
525,Movie 525 (1993),War,War,1996
526,Movie 526 (1994),Fantasy,Fantasy,1996
527,Movie 527 (1995),Action,Action,1996
528,Movie 528 (1996),Mystery,Mystery,1996
529,Movie 529 (1997),Thriller,Thriller,1996
530,Movie 530 (1998),Mystery,Mystery,1996
531,Movie 531 (1990),Romance,Romance,1996
532,Movie 532 (1991),Animation,Animation,1996
533,Movie 533 (1992),Crime,Crime,1996
534,Movie 534 (1993),Western,Western,1996
535,Movie 535 (1994),Comedy,Comedy,1996
536,Movie 536 (1995),Sci-Fi,Sci-Fi,1996
537,Movie 537 (1996),Adventure,Adventure,1996
538,Movie 538 (1997),Film-Noir,Film-Noir,1996
539,Movie 539 (1998),Western,Western,1996
540,Movie 540 (1990),Mystery,Mystery,1996
541,Movie 541 (1991),Comedy,Comedy,1996
542,Movie 542 (1992),Action,Action,1996
543,Movie 543 (1993),Action,Action,1996
544,Movie 544 (1994),Western,Western,1996
545,Movie 545 (1995),Sci-Fi,Sci-Fi,1996
546,Movie 546 (1996),War,War,1996
547,Movie 547 (1997),Horror,Horror,1996
548,Movie 548 (1998),War,War,1996
549,Movie 549 (1990),Mystery,Mystery,1996
550,Movie 550 (1991),Action,Action,1996
551,Movie 551 (1992),Adventure,Adventure,1996
552,Movie 552 (1993),Fantasy,Fantasy,1996
553,Movie 553 (1994),Animation,Animation,1996
554,Movie 554 (1995),Action,Action,1996
555,Movie 555 (1996),Thriller,Thriller,1996
556,Movie 556 (1997),Crime,Crime,1996
557,Movie 557 (1998),War,War,1996
558,Movie 558 (1990),Comedy,Comedy,1996
559,Movie 559 (1991),Comedy,Comedy,1996
560,Movie 560 (1992),Crime,Crime,1996
561,Movie 561 (1993),Animation,Animation,1996
562,Movie 562 (1994),Comedy,Comedy,1996
563,Movie 563 (1995),Comedy,Comedy,1996
564,Movie 564 (1996),Film-Noir,Film-Noir,1996
565,Movie 565 (1997),Film-Noir,Film-Noir,1996
566,Movie 566 (1998),War,War,1996
567,Movie 567 (1990),Romance,Romance,1996
568,Movie 568 (1991),Fantasy,Fantasy,1996
569,Movie 569 (1992),Romance,Romance,1996
570,Movie 570 (1993),Action,Action,1996
571,Movie 571 (1994),Mystery,Mystery,1996
572,Movie 572 (1995),Mystery,Mystery,1996
573,Movie 573 (1996),Childrens,Childrens,1996
574,Movie 574 (1997),Action,Action,1996
575,Movie 575 (1998),War,War,1996
576,Movie 576 (1990),Drama,Drama,1996
577,Movie 577 (1991),Adventure,Adventure,1996
578,Movie 578 (1992),Drama,Drama,1996
579,Movie 579 (1993),Documentary,Documentary,1996
580,Movie 580 (1994),Adventure,Adventure,1996
581,Movie 581 (1995),Animation,Animation,1996
582,Movie 582 (1996),Western,Western,1996
583,Movie 583 (1997),Musical,Musical,1996
584,Movie 584 (1998),Action,Action,1996
585,Movie 585 (1990),Musical,Musical,1996
586,Movie 586 (1991),Comedy,Comedy,1996
587,Movie 587 (1992),War,War,1996
588,Movie 588 (1993),Thriller,Thriller,1996
589,Movie 589 (1994),Sci-Fi,Sci-Fi,1996
590,Movie 590 (1995),Sci-Fi,Sci-Fi,1996
591,Movie 591 (1996),Comedy,Comedy,1996
592,Movie 592 (1997),Romance,Romance,1996
593,Movie 593 (1998),Adventure,Adventure,1996
594,Movie 594 (1990),Horror,Horror,1996
595,Movie 595 (1991),Documentary,Documentary,1996
596,Movie 596 (1992),Crime,Crime,1996
597,Movie 597 (1993),Adventure,Adventure,1996
598,Movie 598 (1994),Crime,Crime,1996
599,Movie 599 (1995),Western,Western,1996
600,Movie 600 (1996),Adventure,Adventure,1996
601,Movie 601 (1997),Western,Western,1996
602,Movie 602 (1998),Sci-Fi,Sci-Fi,1996
603,Movie 603 (1990),Adventure,Adventure,1996
604,Movie 604 (1991),Crime,Crime,1996
605,Movie 605 (1992),Action,Action,1996
606,Movie 606 (1993),Sci-Fi,Sci-Fi,1996
607,Movie 607 (1994),Film-Noir,Film-Noir,1996
608,Movie 608 (1995),War,War,1996
609,Movie 609 (1996),Comedy,Comedy,1996
610,Movie 610 (1997),Childrens,Childrens,1996
611,Movie 611 (1998),Film-Noir,Film-Noir,1996
612,Movie 612 (1990),War,War,1996
613,Movie 613 (1991),Film-Noir,Film-Noir,1996
614,Movie 614 (1992),War,War,1996
615,Movie 615 (1993),Comedy,Comedy,1996
616,Movie 616 (1994),Adventure,Adventure,1996
617,Movie 617 (1995),Crime,Crime,1996
618,Movie 618 (1996),Adventure,Adventure,1996
619,Movie 619 (1997),Mystery,Mystery,1996
620,Movie 620 (1998),Horror,Horror,1996
621,Movie 621 (1990),Horror,Horror,1996
622,Movie 622 (1991),Thriller,Thriller,1996
623,Movie 623 (1992),Horror,Horror,1996
624,Movie 624 (1993),Sci-Fi,Sci-Fi,1996
625,Movie 625 (1994),Thriller,Thriller,1996
626,Movie 626 (1995),Horror,Horror,1996
627,Movie 627 (1996),Thriller,Thriller,1996
628,Movie 628 (1997),Drama,Drama,1996
629,Movie 629 (1998),Childrens,Childrens,1996
630,Movie 630 (1990),Drama,Drama,1996
631,Movie 631 (1991),Childrens,Childrens,1996
632,Movie 632 (1992),Animation,Animation,1996
633,Movie 633 (1993),Animation,Animation,1996
634,Movie 634 (1994),Western,Western,1996
635,Movie 635 (1995),Comedy,Comedy,1996
636,Movie 636 (1996),Western,Western,1996
637,Movie 637 (1997),Film-Noir,Film-Noir,1996
638,Movie 638 (1998),Crime,Crime,1996
639,Movie 639 (1990),Action,Action,1996
640,Movie 640 (1991),Comedy,Comedy,1996
641,Movie 641 (1992),Fantasy,Fantasy,1996
642,Movie 642 (1993),Musical,Musical,1996
643,Movie 643 (1994),Romance,Romance,1996
644,Movie 644 (1995),Adventure,Adventure,1996
645,Movie 645 (1996),War,War,1996
646,Movie 646 (1997),Romance,Romance,1996
647,Movie 647 (1998),Mystery,Mystery,1996
648,Movie 648 (1990),Fantasy,Fantasy,1996
649,Movie 649 (1991),Sci-Fi,Sci-Fi,1996
650,Movie 650 (1992),Sci-Fi,Sci-Fi,1996
651,Movie 651 (1993),Horror,Horror,1996
652,Movie 652 (1994),Thriller,Thriller,1996
653,Movie 653 (1995),War,War,1996
654,Movie 654 (1996),Childrens,Childrens,1996
655,Movie 655 (1997),Action,Action,1996
656,Movie 656 (1998),Drama,Drama,1996
657,Movie 657 (1990),War,War,1996
658,Movie 658 (1991),Animation,Animation,1996
659,Movie 659 (1992),Sci-Fi,Sci-Fi,1996
660,Movie 660 (1993),Sci-Fi,Sci-Fi,1996
661,Movie 661 (1994),Romance,Romance,1996
662,Movie 662 (1995),Romance,Romance,1996
663,Movie 663 (1996),Adventure,Adventure,1996
664,Movie 664 (1997),Mystery,Mystery,1996
665,Movie 665 (1998),Romance,Romance,1996
666,Movie 666 (1990),Documentary,Documentary,1996
667,Movie 667 (1991),Animation,Animation,1996
668,Movie 668 (1992),Sci-Fi,Sci-Fi,1996
669,Movie 669 (1993),Romance,Romance,1996
670,Movie 670 (1994),Horror,Horror,1996
671,Movie 671 (1995),Sci-Fi,Sci-Fi,1996
672,Movie 672 (1996),Mystery,Mystery,1996
673,Movie 673 (1997),Western,Western,1996
674,Movie 674 (1998),Crime,Crime,1996
675,Movie 675 (1990),Animation,Animation,1996
676,Movie 676 (1991),Sci-Fi,Sci-Fi,1996
677,Movie 677 (1992),Comedy,Comedy,1996
678,Movie 678 (1993),Film-Noir,Film-Noir,1996
679,Movie 679 (1994),Documentary,Documentary,1996
680,Movie 680 (1995),War,War,1996
681,Movie 681 (1996),Documentary,Documentary,1996
682,Movie 682 (1997),Musical,Musical,1996
683,Movie 683 (1998),War,War,1996
684,Movie 684 (1990),Mystery,Mystery,1996
685,Movie 685 (1991),Childrens,Childrens,1996
686,Movie 686 (1992),Film-Noir,Film-Noir,1996
687,Movie 687 (1993),Animation,Animation,1996
688,Movie 688 (1994),Fantasy,Fantasy,1996
689,Movie 689 (1995),Mystery,Mystery,1996
690,Movie 690 (1996),Western,Western,1996
691,Movie 691 (1997),Sci-Fi,Sci-Fi,1996
692,Movie 692 (1998),Childrens,Childrens,1996
693,Movie 693 (1990),Sci-Fi,Sci-Fi,1996
694,Movie 694 (1991),Adventure,Adventure,1996
695,Movie 695 (1992),Sci-Fi,Sci-Fi,1996
696,Movie 696 (1993),Drama,Drama,1996
697,Movie 697 (1994),Drama,Drama,1996
698,Movie 698 (1995),War,War,1996
699,Movie 699 (1996),Musical,Musical,1996
700,Movie 700 (1997),Film-Noir,Film-Noir,1996
701,Movie 701 (1998),Fantasy,Fantasy,1996
702,Movie 702 (1990),Comedy,Comedy,1996
703,Movie 703 (1991),Crime,Crime,1996
704,Movie 704 (1992),Adventure,Adventure,1996
705,Movie 705 (1993),Mystery,Mystery,1996
706,Movie 706 (1994),Crime,Crime,1996
707,Movie 707 (1995),Comedy,Comedy,1996
708,Movie 708 (1996),Action,Action,1996
709,Movie 709 (1997),Crime,Crime,1996
710,Movie 710 (1998),Crime,Crime,1996
711,Movie 711 (1990),Thriller,Thriller,1996
712,Movie 712 (1991),Childrens,Childrens,1996
713,Movie 713 (1992),Horror,Horror,1996
714,Movie 714 (1993),Fantasy,Fantasy,1996
715,Movie 715 (1994),Animation,Animation,1996
716,Movie 716 (1995),Drama,Drama,1996
717,Movie 717 (1996),Comedy,Comedy,1996
718,Movie 718 (1997),Childrens,Childrens,1996
719,Movie 719 (1998),Crime,Crime,1996
720,Movie 720 (1990),Adventure,Adventure,1996
721,Movie 721 (1991),Horror,Horror,1996
722,Movie 722 (1992),Childrens,Childrens,1996
723,Movie 723 (1993),Sci-Fi,Sci-Fi,1996
724,Movie 724 (1994),Crime,Crime,1996
725,Movie 725 (1995),War,War,1996
726,Movie 726 (1996),Crime,Crime,1996
727,Movie 727 (1997),Adventure,Adventure,1996
728,Movie 728 (1998),Sci-Fi,Sci-Fi,1996
729,Movie 729 (1990),Horror,Horror,1996
730,Movie 730 (1991),Drama,Drama,1996
731,Movie 731 (1992),Mystery,Mystery,1996
732,Movie 732 (1993),Musical,Musical,1996
733,Movie 733 (1994),Comedy,Comedy,1996
734,Movie 734 (1995),Crime,Crime,1996
735,Movie 735 (1996),Childrens,Childrens,1996
736,Movie 736 (1997),Action,Action,1996
737,Movie 737 (1998),War,War,1996
738,Movie 738 (1990),Musical,Musical,1996
739,Movie 739 (1991),Sci-Fi,Sci-Fi,1996
740,Movie 740 (1992),Action,Action,1996
741,Movie 741 (1993),Romance,Romance,1996
742,Movie 742 (1994),Crime,Crime,1996
743,Movie 743 (1995),Comedy,Comedy,1996
744,Movie 744 (1996),Horror,Horror,1996
745,Movie 745 (1997),Childrens,Childrens,1996
746,Movie 746 (1998),Mystery,Mystery,1996
747,Movie 747 (1990),Horror,Horror,1996
748,Movie 748 (1991),Animation,Animation,1996
749,Movie 749 (1992),Action,Action,1996
750,Movie 750 (1993),Crime,Crime,1996
751,Movie 751 (1994),Western,Western,1996
752,Movie 752 (1995),Film-Noir,Film-Noir,1996
753,Movie 753 (1996),Comedy,Comedy,1996
754,Movie 754 (1997),Film-Noir,Film-Noir,1996
755,Movie 755 (1998),Musical,Musical,1996
756,Movie 756 (1990),Adventure,Adventure,1996
757,Movie 757 (1991),Mystery,Mystery,1996
758,Movie 758 (1992),Drama,Drama,1996
759,Movie 759 (1993),Adventure,Adventure,1996
760,Movie 760 (1994),Action,Action,1996
761,Movie 761 (1995),Comedy,Comedy,1996
762,Movie 762 (1996),Fantasy,Fantasy,1996
763,Movie 763 (1997),War,War,1996
764,Movie 764 (1998),Fantasy,Fantasy,1996
765,Movie 765 (1990),Horror,Horror,1996
766,Movie 766 (1991),Sci-Fi,Sci-Fi,1996
767,Movie 767 (1992),Crime,Crime,1996
768,Movie 768 (1993),Animation,Animation,1996
769,Movie 769 (1994),War,War,1996
770,Movie 770 (1995),Comedy,Comedy,1996
771,Movie 771 (1996),Musical,Musical,1996
772,Movie 772 (1997),Western,Western,1996
773,Movie 773 (1998),Romance,Romance,1996
774,Movie 774 (1990),Horror,Horror,1996
775,Movie 775 (1991),Fantasy,Fantasy,1996
776,Movie 776 (1992),Adventure,Adventure,1996
777,Movie 777 (1993),Musical,Musical,1996
778,Movie 778 (1994),Animation,Animation,1996
779,Movie 779 (1995),Animation,Animation,1996
780,Movie 780 (1996),Action,Action,1996
781,Movie 781 (1997),Drama,Drama,1996
782,Movie 782 (1998),Drama,Drama,1996
783,Movie 783 (1990),Horror,Horror,1996
784,Movie 784 (1991),Fantasy,Fantasy,1996
785,Movie 785 (1992),Comedy,Comedy,1996
786,Movie 786 (1993),Romance,Romance,1996
787,Movie 787 (1994),Animation,Animation,1996
788,Movie 788 (1995),Comedy,Comedy,1996
789,Movie 789 (1996),Comedy,Comedy,1996
790,Movie 790 (1997),Romance,Romance,1996
791,Movie 791 (1998),Childrens,Childrens,1996
792,Movie 792 (1990),Mystery,Mystery,1996
793,Movie 793 (1991),Film-Noir,Film-Noir,1996
794,Movie 794 (1992),Western,Western,1996
795,Movie 795 (1993),Drama,Drama,1996
796,Movie 796 (1994),Drama,Drama,1996
797,Movie 797 (1995),Documentary,Documentary,1996
798,Movie 798 (1996),Drama,Drama,1996
799,Movie 799 (1997),Romance,Romance,1996
800,Movie 800 (1998),Crime,Crime,1996
801,Movie 801 (1990),Action,Action,1996
802,Movie 802 (1991),Sci-Fi,Sci-Fi,1996
803,Movie 803 (1992),Action,Action,1996
804,Movie 804 (1993),War,War,1996
805,Movie 805 (1994),Action,Action,1996
806,Movie 806 (1995),Sci-Fi,Sci-Fi,1996
807,Movie 807 (1996),Adventure,Adventure,1996
808,Movie 808 (1997),Romance,Romance,1996
809,Movie 809 (1998),Drama,Drama,1996
810,Movie 810 (1990),Drama,Drama,1996
811,Movie 811 (1991),Documentary,Documentary,1996
812,Movie 812 (1992),Crime,Crime,1996
813,Movie 813 (1993),Crime,Crime,1996
814,Movie 814 (1994),Animation,Animation,1996
815,Movie 815 (1995),Documentary,Documentary,1996
816,Movie 816 (1996),Drama,Drama,1996
817,Movie 817 (1997),Film-Noir,Film-Noir,1996
818,Movie 818 (1998),Sci-Fi,Sci-Fi,1996
819,Movie 819 (1990),Sci-Fi,Sci-Fi,1996
820,Movie 820 (1991),Action,Action,1996
821,Movie 821 (1992),Documentary,Documentary,1996
822,Movie 822 (1993),Childrens,Childrens,1996
823,Movie 823 (1994),Crime,Crime,1996
824,Movie 824 (1995),Action,Action,1996
825,Movie 825 (1996),Comedy,Comedy,1996
826,Movie 826 (1997),Action,Action,1996
827,Movie 827 (1998),Childrens,Childrens,1996
828,Movie 828 (1990),Adventure,Adventure,1996
829,Movie 829 (1991),Film-Noir,Film-Noir,1996
830,Movie 830 (1992),Comedy,Comedy,1996
831,Movie 831 (1993),Film-Noir,Film-Noir,1996
832,Movie 832 (1994),Action,Action,1996
833,Movie 833 (1995),Crime,Crime,1996
834,Movie 834 (1996),Mystery,Mystery,1996
835,Movie 835 (1997),Sci-Fi,Sci-Fi,1996
836,Movie 836 (1998),Childrens,Childrens,1996
837,Movie 837 (1990),Mystery,Mystery,1996
838,Movie 838 (1991),Sci-Fi,Sci-Fi,1996
839,Movie 839 (1992),Drama,Drama,1996
840,Movie 840 (1993),Comedy,Comedy,1996
841,Movie 841 (1994),Sci-Fi,Sci-Fi,1996
842,Movie 842 (1995),Childrens,Childrens,1996
843,Movie 843 (1996),Musical,Musical,1996
844,Movie 844 (1997),Mystery,Mystery,1996
845,Movie 845 (1998),Adventure,Adventure,1996
846,Movie 846 (1990),Childrens,Childrens,1996
847,Movie 847 (1991),Childrens,Childrens,1996
848,Movie 848 (1992),Horror,Horror,1996
849,Movie 849 (1993),Comedy,Comedy,1996
850,Movie 850 (1994),Horror,Horror,1996
851,Movie 851 (1995),Film-Noir,Film-Noir,1996
852,Movie 852 (1996),Drama,Drama,1996
853,Movie 853 (1997),Crime,Crime,1996
854,Movie 854 (1998),Crime,Crime,1996
855,Movie 855 (1990),Drama,Drama,1996
856,Movie 856 (1991),Sci-Fi,Sci-Fi,1996
857,Movie 857 (1992),Romance,Romance,1996
858,Movie 858 (1993),Horror,Horror,1996
859,Movie 859 (1994),Musical,Musical,1996
860,Movie 860 (1995),Mystery,Mystery,1996
861,Movie 861 (1996),Drama,Drama,1996
862,Movie 862 (1997),Western,Western,1996
863,Movie 863 (1998),Action,Action,1996
864,Movie 864 (1990),Sci-Fi,Sci-Fi,1996
865,Movie 865 (1991),Drama,Drama,1996
866,Movie 866 (1992),Horror,Horror,1996
867,Movie 867 (1993),Musical,Musical,1996
868,Movie 868 (1994),Musical,Musical,1996
869,Movie 869 (1995),Childrens,Childrens,1996
870,Movie 870 (1996),Thriller,Thriller,1996
871,Movie 871 (1997),Childrens,Childrens,1996
872,Movie 872 (1998),Comedy,Comedy,1996
873,Movie 873 (1990),Comedy,Comedy,1996
874,Movie 874 (1991),Drama,Drama,1996
875,Movie 875 (1992),Film-Noir,Film-Noir,1996
876,Movie 876 (1993),War,War,1996
877,Movie 877 (1994),Fantasy,Fantasy,1996
878,Movie 878 (1995),Romance,Romance,1996
879,Movie 879 (1996),Drama,Drama,1996
880,Movie 880 (1997),Fantasy,Fantasy,1996
881,Movie 881 (1998),Horror,Horror,1996
882,Movie 882 (1990),Action,Action,1996
883,Movie 883 (1991),Romance,Romance,1996
884,Movie 884 (1992),Comedy,Comedy,1996
885,Movie 885 (1993),Romance,Romance,1996
886,Movie 886 (1994),Childrens,Childrens,1996
887,Movie 887 (1995),Action,Action,1996
888,Movie 888 (1996),Drama,Drama,1996
889,Movie 889 (1997),Sci-Fi,Sci-Fi,1996
890,Movie 890 (1998),Sci-Fi,Sci-Fi,1996
891,Movie 891 (1990),Fantasy,Fantasy,1996
892,Movie 892 (1991),Fantasy,Fantasy,1996
893,Movie 893 (1992),Film-Noir,Film-Noir,1996
894,Movie 894 (1993),Fantasy,Fantasy,1996
895,Movie 895 (1994),Animation,Animation,1996
896,Movie 896 (1995),Horror,Horror,1996
897,Movie 897 (1996),Crime,Crime,1996
898,Movie 898 (1997),Adventure,Adventure,1996
899,Movie 899 (1998),Documentary,Documentary,1996
900,Movie 900 (1990),Western,Western,1996
901,Movie 901 (1991),Adventure,Adventure,1996
902,Movie 902 (1992),War,War,1996
903,Movie 903 (1993),Horror,Horror,1996
904,Movie 904 (1994),Musical,Musical,1996
905,Movie 905 (1995),Documentary,Documentary,1996
906,Movie 906 (1996),Crime,Crime,1996
907,Movie 907 (1997),Action,Action,1996
908,Movie 908 (1998),War,War,1996
909,Movie 909 (1990),Horror,Horror,1996
910,Movie 910 (1991),Western,Western,1996
911,Movie 911 (1992),War,War,1996
912,Movie 912 (1993),Documentary,Documentary,1996
913,Movie 913 (1994),War,War,1996
914,Movie 914 (1995),Fantasy,Fantasy,1996
915,Movie 915 (1996),War,War,1996
916,Movie 916 (1997),Drama,Drama,1996
917,Movie 917 (1998),War,War,1996
918,Movie 918 (1990),Documentary,Documentary,1996
919,Movie 919 (1991),Action,Action,1996
920,Movie 920 (1992),Mystery,Mystery,1996
921,Movie 921 (1993),War,War,1996
922,Movie 922 (1994),Mystery,Mystery,1996
923,Movie 923 (1995),Thriller,Thriller,1996
924,Movie 924 (1996),Drama,Drama,1996
925,Movie 925 (1997),Western,Western,1996
926,Movie 926 (1998),Action,Action,1996
927,Movie 927 (1990),Romance,Romance,1996
928,Movie 928 (1991),Sci-Fi,Sci-Fi,1996
929,Movie 929 (1992),Western,Western,1996
930,Movie 930 (1993),Adventure,Adventure,1996
931,Movie 931 (1994),War,War,1996
932,Movie 932 (1995),Western,Western,1996
933,Movie 933 (1996),Crime,Crime,1996
934,Movie 934 (1997),Childrens,Childrens,1996
935,Movie 935 (1998),Action,Action,1996
936,Movie 936 (1990),Drama,Drama,1996
937,Movie 937 (1991),Documentary,Documentary,1996
938,Movie 938 (1992),Animation,Animation,1996
939,Movie 939 (1993),Film-Noir,Film-Noir,1996
940,Movie 940 (1994),Film-Noir,Film-Noir,1996
941,Movie 941 (1995),Romance,Romance,1996
942,Movie 942 (1996),Adventure,Adventure,1996
943,Movie 943 (1997),Action,Action,1996
944,Movie 944 (1998),Western,Western,1996
945,Movie 945 (1990),Documentary,Documentary,1996
946,Movie 946 (1991),Drama,Drama,1996
947,Movie 947 (1992),Action,Action,1996
948,Movie 948 (1993),Animation,Animation,1996
949,Movie 949 (1994),Drama,Drama,1996
950,Movie 950 (1995),Sci-Fi,Sci-Fi,1996
951,Movie 951 (1996),Comedy,Comedy,1996
952,Movie 952 (1997),Animation,Animation,1996
953,Movie 953 (1998),Action,Action,1996
954,Movie 954 (1990),Sci-Fi,Sci-Fi,1996
955,Movie 955 (1991),Drama,Drama,1996
956,Movie 956 (1992),Adventure,Adventure,1996
957,Movie 957 (1993),Animation,Animation,1996
958,Movie 958 (1994),Romance,Romance,1996
959,Movie 959 (1995),Romance,Romance,1996
960,Movie 960 (1996),Horror,Horror,1996
961,Movie 961 (1997),Thriller,Thriller,1996
962,Movie 962 (1998),Childrens,Childrens,1996
963,Movie 963 (1990),Comedy,Comedy,1996
964,Movie 964 (1991),Romance,Romance,1996
965,Movie 965 (1992),Thriller,Thriller,1996
966,Movie 966 (1993),Western,Western,1996
967,Movie 967 (1994),Documentary,Documentary,1996
968,Movie 968 (1995),Film-Noir,Film-Noir,1996
969,Movie 969 (1996),Documentary,Documentary,1996
970,Movie 970 (1997),Action,Action,1996
971,Movie 971 (1998),Thriller,Thriller,1996
972,Movie 972 (1990),Childrens,Childrens,1996
973,Movie 973 (1991),Western,Western,1996
974,Movie 974 (1992),Adventure,Adventure,1996
975,Movie 975 (1993),Action,Action,1996
976,Movie 976 (1994),Sci-Fi,Sci-Fi,1996
977,Movie 977 (1995),Comedy,Comedy,1996
978,Movie 978 (1996),Horror,Horror,1996
979,Movie 979 (1997),Film-Noir,Film-Noir,1996
980,Movie 980 (1998),Adventure,Adventure,1996
981,Movie 981 (1990),Animation,Animation,1996
982,Movie 982 (1991),Musical,Musical,1996
983,Movie 983 (1992),Comedy,Comedy,1996
984,Movie 984 (1993),Comedy,Comedy,1996
985,Movie 985 (1994),Crime,Crime,1996
986,Movie 986 (1995),Fantasy,Fantasy,1996
987,Movie 987 (1996),Adventure,Adventure,1996
988,Movie 988 (1997),Musical,Musical,1996
989,Movie 989 (1998),Animation,Animation,1996
990,Movie 990 (1990),Musical,Musical,1996
991,Movie 991 (1991),War,War,1996
992,Movie 992 (1992),Film-Noir,Film-Noir,1996
993,Movie 993 (1993),Romance,Romance,1996
994,Movie 994 (1994),War,War,1996
995,Movie 995 (1995),Western,Western,1996
996,Movie 996 (1996),War,War,1996
997,Movie 997 (1997),Romance,Romance,1996
998,Movie 998 (1998),Fantasy,Fantasy,1996
999,Movie 999 (1990),Drama,Drama,1996
1000,Movie 1000 (1991),Adventure,Adventure,1996
1001,Movie 1001 (1992),Mystery,Mystery,1996
1002,Movie 1002 (1993),Documentary,Documentary,1996
1003,Movie 1003 (1994),Fantasy,Fantasy,1996
1004,Movie 1004 (1995),Horror,Horror,1996
1005,Movie 1005 (1996),Romance,Romance,1996
1006,Movie 1006 (1997),Childrens,Childrens,1996
1007,Movie 1007 (1998),Mystery,Mystery,1996
1008,Movie 1008 (1990),Adventure,Adventure,1996
1009,Movie 1009 (1991),Comedy,Comedy,1996
1010,Movie 1010 (1992),Horror,Horror,1996
1011,Movie 1011 (1993),Crime,Crime,1996
1012,Movie 1012 (1994),Western,Western,1996
1013,Movie 1013 (1995),Film-Noir,Film-Noir,1996
1014,Movie 1014 (1996),Childrens,Childrens,1996
1015,Movie 1015 (1997),Fantasy,Fantasy,1996
1016,Movie 1016 (1998),Crime,Crime,1996
1017,Movie 1017 (1990),Adventure,Adventure,1996
1018,Movie 1018 (1991),War,War,1996
1019,Movie 1019 (1992),Comedy,Comedy,1996
1020,Movie 1020 (1993),Crime,Crime,1996
1021,Movie 1021 (1994),Musical,Musical,1996
1022,Movie 1022 (1995),Film-Noir,Film-Noir,1996
1023,Movie 1023 (1996),Crime,Crime,1996
1024,Movie 1024 (1997),Drama,Drama,1996
1025,Movie 1025 (1998),Adventure,Adventure,1996
1026,Movie 1026 (1990),Musical,Musical,1996
1027,Movie 1027 (1991),Mystery,Mystery,1996
1028,Movie 1028 (1992),Documentary,Documentary,1996
1029,Movie 1029 (1993),Film-Noir,Film-Noir,1996
1030,Movie 1030 (1994),Mystery,Mystery,1996
1031,Movie 1031 (1995),War,War,1996
1032,Movie 1032 (1996),Romance,Romance,1996
1033,Movie 1033 (1997),Adventure,Adventure,1996
1034,Movie 1034 (1998),Horror,Horror,1996
1035,Movie 1035 (1990),Action,Action,1996
1036,Movie 1036 (1991),Childrens,Childrens,1996
1037,Movie 1037 (1992),Horror,Horror,1996
1038,Movie 1038 (1993),Drama,Drama,1996
1039,Movie 1039 (1994),Horror,Horror,1996
1040,Movie 1040 (1995),Childrens,Childrens,1996
1041,Movie 1041 (1996),War,War,1996
1042,Movie 1042 (1997),Documentary,Documentary,1996
1043,Movie 1043 (1998),Drama,Drama,1996
1044,Movie 1044 (1990),Animation,Animation,1996
1045,Movie 1045 (1991),Adventure,Adventure,1996
1046,Movie 1046 (1992),Sci-Fi,Sci-Fi,1996
1047,Movie 1047 (1993),Comedy,Comedy,1996
1048,Movie 1048 (1994),Action,Action,1996
1049,Movie 1049 (1995),Childrens,Childrens,1996
1050,Movie 1050 (1996),Sci-Fi,Sci-Fi,1996
1051,Movie 1051 (1997),Animation,Animation,1996
1052,Movie 1052 (1998),Horror,Horror,1996
1053,Movie 1053 (1990),War,War,1996
1054,Movie 1054 (1991),Mystery,Mystery,1996
1055,Movie 1055 (1992),Horror,Horror,1996
1056,Movie 1056 (1993),Adventure,Adventure,1996
1057,Movie 1057 (1994),Fantasy,Fantasy,1996
1058,Movie 1058 (1995),Adventure,Adventure,1996
1059,Movie 1059 (1996),Fantasy,Fantasy,1996
1060,Movie 1060 (1997),Fantasy,Fantasy,1996
1061,Movie 1061 (1998),Drama,Drama,1996
1062,Movie 1062 (1990),War,War,1996
1063,Movie 1063 (1991),Action,Action,1996
1064,Movie 1064 (1992),Horror,Horror,1996
1065,Movie 1065 (1993),Drama,Drama,1996
1066,Movie 1066 (1994),Film-Noir,Film-Noir,1996
1067,Movie 1067 (1995),Documentary,Documentary,1996
1068,Movie 1068 (1996),Animation,Animation,1996
1069,Movie 1069 (1997),Animation,Animation,1996
1070,Movie 1070 (1998),Western,Western,1996
1071,Movie 1071 (1990),Comedy,Comedy,1996
1072,Movie 1072 (1991),Musical,Musical,1996
1073,Movie 1073 (1992),Musical,Musical,1996
1074,Movie 1074 (1993),Crime,Crime,1996
1075,Movie 1075 (1994),Adventure,Adventure,1996
1076,Movie 1076 (1995),Musical,Musical,1996
1077,Movie 1077 (1996),Comedy,Comedy,1996
1078,Movie 1078 (1997),Musical,Musical,1996
1079,Movie 1079 (1998),War,War,1996
1080,Movie 1080 (1990),War,War,1996
1081,Movie 1081 (1991),Film-Noir,Film-Noir,1996
1082,Movie 1082 (1992),War,War,1996
1083,Movie 1083 (1993),Sci-Fi,Sci-Fi,1996
1084,Movie 1084 (1994),Musical,Musical,1996
1085,Movie 1085 (1995),Thriller,Thriller,1996
1086,Movie 1086 (1996),Drama,Drama,1996
1087,Movie 1087 (1997),War,War,1996
1088,Movie 1088 (1998),Comedy,Comedy,1996
1089,Movie 1089 (1990),Thriller,Thriller,1996
1090,Movie 1090 (1991),Crime,Crime,1996
1091,Movie 1091 (1992),Drama,Drama,1996
1092,Movie 1092 (1993),Western,Western,1996
1093,Movie 1093 (1994),Musical,Musical,1996
1094,Movie 1094 (1995),Sci-Fi,Sci-Fi,1996
1095,Movie 1095 (1996),Fantasy,Fantasy,1996
1096,Movie 1096 (1997),Mystery,Mystery,1996
1097,Movie 1097 (1998),Sci-Fi,Sci-Fi,1996
1098,Movie 1098 (1990),Film-Noir,Film-Noir,1996
1099,Movie 1099 (1991),Thriller,Thriller,1996
1100,Movie 1100 (1992),Documentary,Documentary,1996
1101,Movie 1101 (1993),War,War,1996
1102,Movie 1102 (1994),Documentary,Documentary,1996
1103,Movie 1103 (1995),Romance,Romance,1996
1104,Movie 1104 (1996),Sci-Fi,Sci-Fi,1996
1105,Movie 1105 (1997),Documentary,Documentary,1996
1106,Movie 1106 (1998),Fantasy,Fantasy,1996
1107,Movie 1107 (1990),Thriller,Thriller,1996
1108,Movie 1108 (1991),Drama,Drama,1996
1109,Movie 1109 (1992),Western,Western,1996
1110,Movie 1110 (1993),Western,Western,1996
1111,Movie 1111 (1994),Documentary,Documentary,1996
1112,Movie 1112 (1995),Animation,Animation,1996
1113,Movie 1113 (1996),Western,Western,1996
1114,Movie 1114 (1997),Film-Noir,Film-Noir,1996
1115,Movie 1115 (1998),Documentary,Documentary,1996
1116,Movie 1116 (1990),War,War,1996
1117,Movie 1117 (1991),Romance,Romance,1996
1118,Movie 1118 (1992),Animation,Animation,1996
1119,Movie 1119 (1993),Musical,Musical,1996
1120,Movie 1120 (1994),Mystery,Mystery,1996
1121,Movie 1121 (1995),Adventure,Adventure,1996
1122,Movie 1122 (1996),Animation,Animation,1996
1123,Movie 1123 (1997),Comedy,Comedy,1996
1124,Movie 1124 (1998),Horror,Horror,1996
1125,Movie 1125 (1990),Drama,Drama,1996
1126,Movie 1126 (1991),Musical,Musical,1996
1127,Movie 1127 (1992),Documentary,Documentary,1996
1128,Movie 1128 (1993),Sci-Fi,Sci-Fi,1996
1129,Movie 1129 (1994),War,War,1996
1130,Movie 1130 (1995),Childrens,Childrens,1996
1131,Movie 1131 (1996),Mystery,Mystery,1996
1132,Movie 1132 (1997),Western,Western,1996
1133,Movie 1133 (1998),Action,Action,1996
1134,Movie 1134 (1990),Thriller,Thriller,1996
1135,Movie 1135 (1991),Mystery,Mystery,1996
1136,Movie 1136 (1992),Film-Noir,Film-Noir,1996
1137,Movie 1137 (1993),Musical,Musical,1996
1138,Movie 1138 (1994),Adventure,Adventure,1996
1139,Movie 1139 (1995),Animation,Animation,1996
1140,Movie 1140 (1996),Film-Noir,Film-Noir,1996
1141,Movie 1141 (1997),Adventure,Adventure,1996
1142,Movie 1142 (1998),Mystery,Mystery,1996
1143,Movie 1143 (1990),Mystery,Mystery,1996
1144,Movie 1144 (1991),Western,Western,1996
1145,Movie 1145 (1992),Animation,Animation,1996
1146,Movie 1146 (1993),Documentary,Documentary,1996
1147,Movie 1147 (1994),Romance,Romance,1996
1148,Movie 1148 (1995),War,War,1996
1149,Movie 1149 (1996),Musical,Musical,1996
1150,Movie 1150 (1997),Thriller,Thriller,1996
1151,Movie 1151 (1998),Musical,Musical,1996
1152,Movie 1152 (1990),Sci-Fi,Sci-Fi,1996
1153,Movie 1153 (1991),Film-Noir,Film-Noir,1996
1154,Movie 1154 (1992),Documentary,Documentary,1996
1155,Movie 1155 (1993),Comedy,Comedy,1996
1156,Movie 1156 (1994),Action,Action,1996
1157,Movie 1157 (1995),War,War,1996
1158,Movie 1158 (1996),Animation,Animation,1996
1159,Movie 1159 (1997),Mystery,Mystery,1996
1160,Movie 1160 (1998),Romance,Romance,1996
1161,Movie 1161 (1990),Western,Western,1996
1162,Movie 1162 (1991),Childrens,Childrens,1996
1163,Movie 1163 (1992),Western,Western,1996
1164,Movie 1164 (1993),Comedy,Comedy,1996
1165,Movie 1165 (1994),Thriller,Thriller,1996
1166,Movie 1166 (1995),Action,Action,1996
1167,Movie 1167 (1996),Romance,Romance,1996
1168,Movie 1168 (1997),Sci-Fi,Sci-Fi,1996
1169,Movie 1169 (1998),Fantasy,Fantasy,1996
1170,Movie 1170 (1990),Sci-Fi,Sci-Fi,1996
1171,Movie 1171 (1991),War,War,1996
1172,Movie 1172 (1992),Childrens,Childrens,1996
1173,Movie 1173 (1993),Musical,Musical,1996
1174,Movie 1174 (1994),Comedy,Comedy,1996
1175,Movie 1175 (1995),Comedy,Comedy,1996
1176,Movie 1176 (1996),Horror,Horror,1996
1177,Movie 1177 (1997),Crime,Crime,1996
1178,Movie 1178 (1998),Documentary,Documentary,1996
1179,Movie 1179 (1990),Romance,Romance,1996
1180,Movie 1180 (1991),Horror,Horror,1996
1181,Movie 1181 (1992),Mystery,Mystery,1996
1182,Movie 1182 (1993),Adventure,Adventure,1996
1183,Movie 1183 (1994),Documentary,Documentary,1996
1184,Movie 1184 (1995),Childrens,Childrens,1996
1185,Movie 1185 (1996),Drama,Drama,1996
1186,Movie 1186 (1997),Mystery,Mystery,1996
1187,Movie 1187 (1998),Romance,Romance,1996
1188,Movie 1188 (1990),Film-Noir,Film-Noir,1996
1189,Movie 1189 (1991),Horror,Horror,1996
1190,Movie 1190 (1992),Adventure,Adventure,1996
1191,Movie 1191 (1993),Fantasy,Fantasy,1996
1192,Movie 1192 (1994),War,War,1996
1193,Movie 1193 (1995),Animation,Animation,1996
1194,Movie 1194 (1996),Crime,Crime,1996
1195,Movie 1195 (1997),Comedy,Comedy,1996
1196,Movie 1196 (1998),Comedy,Comedy,1996
1197,Movie 1197 (1990),Sci-Fi,Sci-Fi,1996
1198,Movie 1198 (1991),War,War,1996
1199,Movie 1199 (1992),Fantasy,Fantasy,1996
1200,Movie 1200 (1993),Animation,Animation,1996
1201,Movie 1201 (1994),War,War,1996
1202,Movie 1202 (1995),Film-Noir,Film-Noir,1996
1203,Movie 1203 (1996),Animation,Animation,1996
1204,Movie 1204 (1997),Western,Western,1996
1205,Movie 1205 (1998),Western,Western,1996
1206,Movie 1206 (1990),War,War,1996
1207,Movie 1207 (1991),Animation,Animation,1996
1208,Movie 1208 (1992),Animation,Animation,1996
1209,Movie 1209 (1993),Crime,Crime,1996
1210,Movie 1210 (1994),Mystery,Mystery,1996
1211,Movie 1211 (1995),Sci-Fi,Sci-Fi,1996
1212,Movie 1212 (1996),Fantasy,Fantasy,1996
1213,Movie 1213 (1997),Childrens,Childrens,1996
1214,Movie 1214 (1998),Romance,Romance,1996
1215,Movie 1215 (1990),Comedy,Comedy,1996
1216,Movie 1216 (1991),Adventure,Adventure,1996
1217,Movie 1217 (1992),Horror,Horror,1996
1218,Movie 1218 (1993),Fantasy,Fantasy,1996
1219,Movie 1219 (1994),Animation,Animation,1996
1220,Movie 1220 (1995),Fantasy,Fantasy,1996
1221,Movie 1221 (1996),Animation,Animation,1996
1222,Movie 1222 (1997),Adventure,Adventure,1996
1223,Movie 1223 (1998),Musical,Musical,1996
1224,Movie 1224 (1990),Film-Noir,Film-Noir,1996
1225,Movie 1225 (1991),Fantasy,Fantasy,1996
1226,Movie 1226 (1992),Sci-Fi,Sci-Fi,1996
1227,Movie 1227 (1993),Drama,Drama,1996
1228,Movie 1228 (1994),Comedy,Comedy,1996
1229,Movie 1229 (1995),Horror,Horror,1996
1230,Movie 1230 (1996),Adventure,Adventure,1996
1231,Movie 1231 (1997),Sci-Fi,Sci-Fi,1996
1232,Movie 1232 (1998),Crime,Crime,1996
1233,Movie 1233 (1990),Drama,Drama,1996
1234,Movie 1234 (1991),Comedy,Comedy,1996
1235,Movie 1235 (1992),Thriller,Thriller,1996
1236,Movie 1236 (1993),Western,Western,1996
1237,Movie 1237 (1994),Crime,Crime,1996
1238,Movie 1238 (1995),Comedy,Comedy,1996
1239,Movie 1239 (1996),Thriller,Thriller,1996
1240,Movie 1240 (1997),Mystery,Mystery,1996
1241,Movie 1241 (1998),Comedy,Comedy,1996
1242,Movie 1242 (1990),Mystery,Mystery,1996
1243,Movie 1243 (1991),War,War,1996
1244,Movie 1244 (1992),Western,Western,1996
1245,Movie 1245 (1993),Drama,Drama,1996
1246,Movie 1246 (1994),Mystery,Mystery,1996
1247,Movie 1247 (1995),Animation,Animation,1996
1248,Movie 1248 (1996),Drama,Drama,1996
1249,Movie 1249 (1997),Adventure,Adventure,1996
1250,Movie 1250 (1998),Drama,Drama,1996
1251,Movie 1251 (1990),Mystery,Mystery,1996
1252,Movie 1252 (1991),Mystery,Mystery,1996
1253,Movie 1253 (1992),Action,Action,1996
1254,Movie 1254 (1993),Crime,Crime,1996
1255,Movie 1255 (1994),Thriller,Thriller,1996
1256,Movie 1256 (1995),Drama,Drama,1996
1257,Movie 1257 (1996),Action,Action,1996
1258,Movie 1258 (1997),Thriller,Thriller,1996
1259,Movie 1259 (1998),Fantasy,Fantasy,1996
1260,Movie 1260 (1990),Mystery,Mystery,1996
1261,Movie 1261 (1991),Horror,Horror,1996
1262,Movie 1262 (1992),Mystery,Mystery,1996
1263,Movie 1263 (1993),Film-Noir,Film-Noir,1996
1264,Movie 1264 (1994),Childrens,Childrens,1996
1265,Movie 1265 (1995),Crime,Crime,1996
1266,Movie 1266 (1996),Documentary,Documentary,1996
1267,Movie 1267 (1997),Comedy,Comedy,1996
1268,Movie 1268 (1998),Horror,Horror,1996
1269,Movie 1269 (1990),Mystery,Mystery,1996
1270,Movie 1270 (1991),Film-Noir,Film-Noir,1996
1271,Movie 1271 (1992),Film-Noir,Film-Noir,1996
1272,Movie 1272 (1993),Horror,Horror,1996
1273,Movie 1273 (1994),Documentary,Documentary,1996
1274,Movie 1274 (1995),Western,Western,1996
1275,Movie 1275 (1996),Childrens,Childrens,1996
1276,Movie 1276 (1997),Adventure,Adventure,1996
1277,Movie 1277 (1998),Romance,Romance,1996
1278,Movie 1278 (1990),Mystery,Mystery,1996
1279,Movie 1279 (1991),Musical,Musical,1996
1280,Movie 1280 (1992),Documentary,Documentary,1996
1281,Movie 1281 (1993),Adventure,Adventure,1996
1282,Movie 1282 (1994),Mystery,Mystery,1996
1283,Movie 1283 (1995),Romance,Romance,1996
1284,Movie 1284 (1996),War,War,1996
1285,Movie 1285 (1997),Fantasy,Fantasy,1996
1286,Movie 1286 (1998),War,War,1996
1287,Movie 1287 (1990),Drama,Drama,1996
1288,Movie 1288 (1991),Adventure,Adventure,1996
1289,Movie 1289 (1992),Mystery,Mystery,1996
1290,Movie 1290 (1993),Animation,Animation,1996
1291,Movie 1291 (1994),Thriller,Thriller,1996
1292,Movie 1292 (1995),Crime,Crime,1996
1293,Movie 1293 (1996),Documentary,Documentary,1996
1294,Movie 1294 (1997),Film-Noir,Film-Noir,1996
1295,Movie 1295 (1998),Fantasy,Fantasy,1996
1296,Movie 1296 (1990),Adventure,Adventure,1996
1297,Movie 1297 (1991),Sci-Fi,Sci-Fi,1996
1298,Movie 1298 (1992),Comedy,Comedy,1996
1299,Movie 1299 (1993),Childrens,Childrens,1996
1300,Movie 1300 (1994),Childrens,Childrens,1996
1301,Movie 1301 (1995),Western,Western,1996
1302,Movie 1302 (1996),Childrens,Childrens,1996
1303,Movie 1303 (1997),War,War,1996
1304,Movie 1304 (1998),Musical,Musical,1996
1305,Movie 1305 (1990),War,War,1996
1306,Movie 1306 (1991),Film-Noir,Film-Noir,1996
1307,Movie 1307 (1992),Action,Action,1996
1308,Movie 1308 (1993),Western,Western,1996
1309,Movie 1309 (1994),Western,Western,1996
1310,Movie 1310 (1995),Romance,Romance,1996
1311,Movie 1311 (1996),Sci-Fi,Sci-Fi,1996
1312,Movie 1312 (1997),Musical,Musical,1996
1313,Movie 1313 (1998),Childrens,Childrens,1996
1314,Movie 1314 (1990),Animation,Animation,1996
1315,Movie 1315 (1991),Musical,Musical,1996
1316,Movie 1316 (1992),Documentary,Documentary,1996
1317,Movie 1317 (1993),Horror,Horror,1996
1318,Movie 1318 (1994),Action,Action,1996
1319,Movie 1319 (1995),Crime,Crime,1996
1320,Movie 1320 (1996),Sci-Fi,Sci-Fi,1996
1321,Movie 1321 (1997),Sci-Fi,Sci-Fi,1996
1322,Movie 1322 (1998),Horror,Horror,1996
1323,Movie 1323 (1990),Adventure,Adventure,1996
1324,Movie 1324 (1991),Romance,Romance,1996
1325,Movie 1325 (1992),Adventure,Adventure,1996
1326,Movie 1326 (1993),Childrens,Childrens,1996
1327,Movie 1327 (1994),War,War,1996
1328,Movie 1328 (1995),Animation,Animation,1996
1329,Movie 1329 (1996),Mystery,Mystery,1996
1330,Movie 1330 (1997),Fantasy,Fantasy,1996
1331,Movie 1331 (1998),Documentary,Documentary,1996
1332,Movie 1332 (1990),Sci-Fi,Sci-Fi,1996
1333,Movie 1333 (1991),Horror,Horror,1996
1334,Movie 1334 (1992),Adventure,Adventure,1996
1335,Movie 1335 (1993),Sci-Fi,Sci-Fi,1996
1336,Movie 1336 (1994),Romance,Romance,1996
1337,Movie 1337 (1995),Horror,Horror,1996
1338,Movie 1338 (1996),Animation,Animation,1996
1339,Movie 1339 (1997),War,War,1996
1340,Movie 1340 (1998),Musical,Musical,1996
1341,Movie 1341 (1990),Sci-Fi,Sci-Fi,1996
1342,Movie 1342 (1991),Thriller,Thriller,1996
1343,Movie 1343 (1992),Comedy,Comedy,1996
1344,Movie 1344 (1993),Crime,Crime,1996
1345,Movie 1345 (1994),Comedy,Comedy,1996
1346,Movie 1346 (1995),Animation,Animation,1996
1347,Movie 1347 (1996),Action,Action,1996
1348,Movie 1348 (1997),Crime,Crime,1996
1349,Movie 1349 (1998),Sci-Fi,Sci-Fi,1996
1350,Movie 1350 (1990),Adventure,Adventure,1996
1351,Movie 1351 (1991),Animation,Animation,1996
1352,Movie 1352 (1992),War,War,1996
1353,Movie 1353 (1993),Musical,Musical,1996
1354,Movie 1354 (1994),Western,Western,1996
1355,Movie 1355 (1995),Sci-Fi,Sci-Fi,1996
1356,Movie 1356 (1996),Musical,Musical,1996
1357,Movie 1357 (1997),Thriller,Thriller,1996
1358,Movie 1358 (1998),Drama,Drama,1996
1359,Movie 1359 (1990),Romance,Romance,1996
1360,Movie 1360 (1991),War,War,1996
1361,Movie 1361 (1992),Drama,Drama,1996
1362,Movie 1362 (1993),Sci-Fi,Sci-Fi,1996
1363,Movie 1363 (1994),Romance,Romance,1996
1364,Movie 1364 (1995),Western,Western,1996
1365,Movie 1365 (1996),Documentary,Documentary,1996
1366,Movie 1366 (1997),Animation,Animation,1996
1367,Movie 1367 (1998),Musical,Musical,1996
1368,Movie 1368 (1990),Animation,Animation,1996
1369,Movie 1369 (1991),Romance,Romance,1996
1370,Movie 1370 (1992),Sci-Fi,Sci-Fi,1996
1371,Movie 1371 (1993),Romance,Romance,1996
1372,Movie 1372 (1994),Documentary,Documentary,1996
1373,Movie 1373 (1995),War,War,1996
1374,Movie 1374 (1996),Musical,Musical,1996
1375,Movie 1375 (1997),Childrens,Childrens,1996
1376,Movie 1376 (1998),Fantasy,Fantasy,1996
1377,Movie 1377 (1990),Crime,Crime,1996
1378,Movie 1378 (1991),Thriller,Thriller,1996
1379,Movie 1379 (1992),Adventure,Adventure,1996
1380,Movie 1380 (1993),Drama,Drama,1996
1381,Movie 1381 (1994),Horror,Horror,1996
1382,Movie 1382 (1995),Mystery,Mystery,1996
1383,Movie 1383 (1996),War,War,1996
1384,Movie 1384 (1997),Drama,Drama,1996
1385,Movie 1385 (1998),Western,Western,1996
1386,Movie 1386 (1990),Western,Western,1996
1387,Movie 1387 (1991),Romance,Romance,1996
1388,Movie 1388 (1992),Sci-Fi,Sci-Fi,1996
1389,Movie 1389 (1993),Crime,Crime,1996
1390,Movie 1390 (1994),Horror,Horror,1996
1391,Movie 1391 (1995),Mystery,Mystery,1996
1392,Movie 1392 (1996),Action,Action,1996
1393,Movie 1393 (1997),Crime,Crime,1996
1394,Movie 1394 (1998),Fantasy,Fantasy,1996
1395,Movie 1395 (1990),Drama,Drama,1996
1396,Movie 1396 (1991),Horror,Horror,1996
1397,Movie 1397 (1992),Fantasy,Fantasy,1996
1398,Movie 1398 (1993),War,War,1996
1399,Movie 1399 (1994),Musical,Musical,1996
1400,Movie 1400 (1995),Romance,Romance,1996
1401,Movie 1401 (1996),Sci-Fi,Sci-Fi,1996
1402,Movie 1402 (1997),Thriller,Thriller,1996
1403,Movie 1403 (1998),Action,Action,1996
1404,Movie 1404 (1990),Film-Noir,Film-Noir,1996
1405,Movie 1405 (1991),Drama,Drama,1996
1406,Movie 1406 (1992),Western,Western,1996
1407,Movie 1407 (1993),Action,Action,1996
1408,Movie 1408 (1994),Adventure,Adventure,1996
1409,Movie 1409 (1995),Action,Action,1996
1410,Movie 1410 (1996),Action,Action,1996
1411,Movie 1411 (1997),Fantasy,Fantasy,1996
1412,Movie 1412 (1998),Mystery,Mystery,1996
1413,Movie 1413 (1990),Action,Action,1996
1414,Movie 1414 (1991),Mystery,Mystery,1996
1415,Movie 1415 (1992),Documentary,Documentary,1996
1416,Movie 1416 (1993),Adventure,Adventure,1996
1417,Movie 1417 (1994),Crime,Crime,1996
1418,Movie 1418 (1995),Documentary,Documentary,1996
1419,Movie 1419 (1996),Romance,Romance,1996
1420,Movie 1420 (1997),Western,Western,1996
1421,Movie 1421 (1998),Sci-Fi,Sci-Fi,1996
1422,Movie 1422 (1990),Adventure,Adventure,1996
1423,Movie 1423 (1991),Film-Noir,Film-Noir,1996
1424,Movie 1424 (1992),Musical,Musical,1996
1425,Movie 1425 (1993),War,War,1996
1426,Movie 1426 (1994),Drama,Drama,1996
1427,Movie 1427 (1995),Horror,Horror,1996
1428,Movie 1428 (1996),Animation,Animation,1996
1429,Movie 1429 (1997),Crime,Crime,1996
1430,Movie 1430 (1998),Fantasy,Fantasy,1996
1431,Movie 1431 (1990),Crime,Crime,1996
1432,Movie 1432 (1991),Fantasy,Fantasy,1996
1433,Movie 1433 (1992),Documentary,Documentary,1996
1434,Movie 1434 (1993),Fantasy,Fantasy,1996
1435,Movie 1435 (1994),Western,Western,1996
1436,Movie 1436 (1995),Musical,Musical,1996
1437,Movie 1437 (1996),Drama,Drama,1996
1438,Movie 1438 (1997),Drama,Drama,1996
1439,Movie 1439 (1998),Western,Western,1996
1440,Movie 1440 (1990),Sci-Fi,Sci-Fi,1996
1441,Movie 1441 (1991),Documentary,Documentary,1996
1442,Movie 1442 (1992),Horror,Horror,1996
1443,Movie 1443 (1993),Thriller,Thriller,1996
1444,Movie 1444 (1994),Childrens,Childrens,1996
1445,Movie 1445 (1995),Crime,Crime,1996
1446,Movie 1446 (1996),Animation,Animation,1996
1447,Movie 1447 (1997),Fantasy,Fantasy,1996
1448,Movie 1448 (1998),Film-Noir,Film-Noir,1996
1449,Movie 1449 (1990),Romance,Romance,1996
1450,Movie 1450 (1991),Horror,Horror,1996
1451,Movie 1451 (1992),Western,Western,1996
1452,Movie 1452 (1993),Musical,Musical,1996
1453,Movie 1453 (1994),Musical,Musical,1996
1454,Movie 1454 (1995),Mystery,Mystery,1996
1455,Movie 1455 (1996),Mystery,Mystery,1996
1456,Movie 1456 (1997),Romance,Romance,1996
1457,Movie 1457 (1998),Childrens,Childrens,1996
1458,Movie 1458 (1990),Mystery,Mystery,1996
1459,Movie 1459 (1991),Drama,Drama,1996
1460,Movie 1460 (1992),Musical,Musical,1996
1461,Movie 1461 (1993),Western,Western,1996
1462,Movie 1462 (1994),Crime,Crime,1996
1463,Movie 1463 (1995),Western,Western,1996
1464,Movie 1464 (1996),Comedy,Comedy,1996
1465,Movie 1465 (1997),Fantasy,Fantasy,1996
1466,Movie 1466 (1998),Animation,Animation,1996
1467,Movie 1467 (1990),Film-Noir,Film-Noir,1996
1468,Movie 1468 (1991),Animation,Animation,1996
1469,Movie 1469 (1992),Sci-Fi,Sci-Fi,1996
1470,Movie 1470 (1993),Action,Action,1996
1471,Movie 1471 (1994),Documentary,Documentary,1996
1472,Movie 1472 (1995),Musical,Musical,1996
1473,Movie 1473 (1996),War,War,1996
1474,Movie 1474 (1997),Comedy,Comedy,1996
1475,Movie 1475 (1998),Childrens,Childrens,1996
1476,Movie 1476 (1990),Musical,Musical,1996
1477,Movie 1477 (1991),Western,Western,1996
1478,Movie 1478 (1992),War,War,1996
1479,Movie 1479 (1993),Fantasy,Fantasy,1996
1480,Movie 1480 (1994),Childrens,Childrens,1996
1481,Movie 1481 (1995),Adventure,Adventure,1996
1482,Movie 1482 (1996),Childrens,Childrens,1996
1483,Movie 1483 (1997),Adventure,Adventure,1996
1484,Movie 1484 (1998),Sci-Fi,Sci-Fi,1996
1485,Movie 1485 (1990),Adventure,Adventure,1996
1486,Movie 1486 (1991),Childrens,Childrens,1996
1487,Movie 1487 (1992),Crime,Crime,1996
1488,Movie 1488 (1993),Documentary,Documentary,1996
1489,Movie 1489 (1994),Film-Noir,Film-Noir,1996
1490,Movie 1490 (1995),Musical,Musical,1996
1491,Movie 1491 (1996),Animation,Animation,1996
1492,Movie 1492 (1997),Mystery,Mystery,1996
1493,Movie 1493 (1998),Western,Western,1996
1494,Movie 1494 (1990),Drama,Drama,1996
1495,Movie 1495 (1991),Sci-Fi,Sci-Fi,1996
1496,Movie 1496 (1992),Action,Action,1996
1497,Movie 1497 (1993),Animation,Animation,1996
1498,Movie 1498 (1994),Drama,Drama,1996
1499,Movie 1499 (1995),Childrens,Childrens,1996
1500,Movie 1500 (1996),Thriller,Thriller,1996
1501,Movie 1501 (1997),Film-Noir,Film-Noir,1996
1502,Movie 1502 (1998),Musical,Musical,1996
1503,Movie 1503 (1990),Romance,Romance,1996
1504,Movie 1504 (1991),Romance,Romance,1996
1505,Movie 1505 (1992),Adventure,Adventure,1996
1506,Movie 1506 (1993),Comedy,Comedy,1996
1507,Movie 1507 (1994),Comedy,Comedy,1996
1508,Movie 1508 (1995),Crime,Crime,1996
1509,Movie 1509 (1996),Mystery,Mystery,1996
1510,Movie 1510 (1997),Fantasy,Fantasy,1996
1511,Movie 1511 (1998),Sci-Fi,Sci-Fi,1996
1512,Movie 1512 (1990),Romance,Romance,1996
1513,Movie 1513 (1991),Documentary,Documentary,1996
1514,Movie 1514 (1992),Adventure,Adventure,1996
1515,Movie 1515 (1993),Documentary,Documentary,1996
1516,Movie 1516 (1994),Crime,Crime,1996
1517,Movie 1517 (1995),War,War,1996
1518,Movie 1518 (1996),Adventure,Adventure,1996
1519,Movie 1519 (1997),Animation,Animation,1996
1520,Movie 1520 (1998),Comedy,Comedy,1996
1521,Movie 1521 (1990),Comedy,Comedy,1996
1522,Movie 1522 (1991),Action,Action,1996
1523,Movie 1523 (1992),Drama,Drama,1996
1524,Movie 1524 (1993),Musical,Musical,1996
1525,Movie 1525 (1994),Childrens,Childrens,1996
1526,Movie 1526 (1995),Mystery,Mystery,1996
1527,Movie 1527 (1996),Sci-Fi,Sci-Fi,1996
1528,Movie 1528 (1997),Horror,Horror,1996
1529,Movie 1529 (1998),Film-Noir,Film-Noir,1996
1530,Movie 1530 (1990),Animation,Animation,1996
1531,Movie 1531 (1991),Romance,Romance,1996
1532,Movie 1532 (1992),Thriller,Thriller,1996
1533,Movie 1533 (1993),Film-Noir,Film-Noir,1996
1534,Movie 1534 (1994),Film-Noir,Film-Noir,1996
1535,Movie 1535 (1995),Musical,Musical,1996
1536,Movie 1536 (1996),Fantasy,Fantasy,1996
1537,Movie 1537 (1997),Action,Action,1996
1538,Movie 1538 (1998),Comedy,Comedy,1996
1539,Movie 1539 (1990),Drama,Drama,1996
1540,Movie 1540 (1991),Horror,Horror,1996
1541,Movie 1541 (1992),Musical,Musical,1996
1542,Movie 1542 (1993),Action,Action,1996
1543,Movie 1543 (1994),Horror,Horror,1996
1544,Movie 1544 (1995),Comedy,Comedy,1996
1545,Movie 1545 (1996),Sci-Fi,Sci-Fi,1996
1546,Movie 1546 (1997),Comedy,Comedy,1996
1547,Movie 1547 (1998),Musical,Musical,1996
1548,Movie 1548 (1990),Comedy,Comedy,1996
1549,Movie 1549 (1991),War,War,1996
1550,Movie 1550 (1992),War,War,1996
1551,Movie 1551 (1993),Musical,Musical,1996
1552,Movie 1552 (1994),Sci-Fi,Sci-Fi,1996
1553,Movie 1553 (1995),Sci-Fi,Sci-Fi,1996
1554,Movie 1554 (1996),Crime,Crime,1996
1555,Movie 1555 (1997),Musical,Musical,1996
1556,Movie 1556 (1998),Western,Western,1996
1557,Movie 1557 (1990),Romance,Romance,1996
1558,Movie 1558 (1991),Adventure,Adventure,1996
1559,Movie 1559 (1992),Fantasy,Fantasy,1996
1560,Movie 1560 (1993),Comedy,Comedy,1996
1561,Movie 1561 (1994),Action,Action,1996
1562,Movie 1562 (1995),Animation,Animation,1996
1563,Movie 1563 (1996),Crime,Crime,1996
1564,Movie 1564 (1997),Comedy,Comedy,1996
1565,Movie 1565 (1998),Comedy,Comedy,1996
1566,Movie 1566 (1990),Action,Action,1996
1567,Movie 1567 (1991),War,War,1996
1568,Movie 1568 (1992),Romance,Romance,1996
1569,Movie 1569 (1993),Musical,Musical,1996
1570,Movie 1570 (1994),Film-Noir,Film-Noir,1996
1571,Movie 1571 (1995),Western,Western,1996
1572,Movie 1572 (1996),Horror,Horror,1996
1573,Movie 1573 (1997),Adventure,Adventure,1996
1574,Movie 1574 (1998),Western,Western,1996
1575,Movie 1575 (1990),Documentary,Documentary,1996
1576,Movie 1576 (1991),Sci-Fi,Sci-Fi,1996
1577,Movie 1577 (1992),Horror,Horror,1996
1578,Movie 1578 (1993),Western,Western,1996
1579,Movie 1579 (1994),Musical,Musical,1996
1580,Movie 1580 (1995),Crime,Crime,1996
1581,Movie 1581 (1996),Mystery,Mystery,1996
1582,Movie 1582 (1997),Thriller,Thriller,1996
1583,Movie 1583 (1998),Western,Western,1996
1584,Movie 1584 (1990),Film-Noir,Film-Noir,1996
1585,Movie 1585 (1991),Drama,Drama,1996
1586,Movie 1586 (1992),Western,Western,1996
1587,Movie 1587 (1993),Action,Action,1996
1588,Movie 1588 (1994),Drama,Drama,1996
1589,Movie 1589 (1995),Crime,Crime,1996
1590,Movie 1590 (1996),Comedy,Comedy,1996
1591,Movie 1591 (1997),Sci-Fi,Sci-Fi,1996
1592,Movie 1592 (1998),Sci-Fi,Sci-Fi,1996
1593,Movie 1593 (1990),Adventure,Adventure,1996
1594,Movie 1594 (1991),Action,Action,1996
1595,Movie 1595 (1992),Horror,Horror,1996
1596,Movie 1596 (1993),Film-Noir,Film-Noir,1996
1597,Movie 1597 (1994),Western,Western,1996
1598,Movie 1598 (1995),Western,Western,1996
1599,Movie 1599 (1996),War,War,1996
1600,Movie 1600 (1997),Drama,Drama,1996
1601,Movie 1601 (1998),Sci-Fi,Sci-Fi,1996
1602,Movie 1602 (1990),Drama,Drama,1996
1603,Movie 1603 (1991),War,War,1996
1604,Movie 1604 (1992),Musical,Musical,1996
1605,Movie 1605 (1993),Drama,Drama,1996
1606,Movie 1606 (1994),Romance,Romance,1996
1607,Movie 1607 (1995),Childrens,Childrens,1996
1608,Movie 1608 (1996),Action,Action,1996
1609,Movie 1609 (1997),Action,Action,1996
1610,Movie 1610 (1998),Thriller,Thriller,1996
1611,Movie 1611 (1990),Romance,Romance,1996
1612,Movie 1612 (1991),Thriller,Thriller,1996
1613,Movie 1613 (1992),Comedy,Comedy,1996
1614,Movie 1614 (1993),Fantasy,Fantasy,1996
1615,Movie 1615 (1994),Adventure,Adventure,1996
1616,Movie 1616 (1995),Western,Western,1996
1617,Movie 1617 (1996),Crime,Crime,1996
1618,Movie 1618 (1997),Fantasy,Fantasy,1996
1619,Movie 1619 (1998),Action,Action,1996
1620,Movie 1620 (1990),Fantasy,Fantasy,1996
1621,Movie 1621 (1991),Thriller,Thriller,1996
1622,Movie 1622 (1992),Mystery,Mystery,1996
1623,Movie 1623 (1993),Fantasy,Fantasy,1996
1624,Movie 1624 (1994),Mystery,Mystery,1996
1625,Movie 1625 (1995),Fantasy,Fantasy,1996
1626,Movie 1626 (1996),Horror,Horror,1996
1627,Movie 1627 (1997),Childrens,Childrens,1996
1628,Movie 1628 (1998),Adventure,Adventure,1996
1629,Movie 1629 (1990),Crime,Crime,1996
1630,Movie 1630 (1991),Romance,Romance,1996
1631,Movie 1631 (1992),Childrens,Childrens,1996
1632,Movie 1632 (1993),Crime,Crime,1996
1633,Movie 1633 (1994),Crime,Crime,1996
1634,Movie 1634 (1995),Adventure,Adventure,1996
1635,Movie 1635 (1996),Western,Western,1996
1636,Movie 1636 (1997),Mystery,Mystery,1996
1637,Movie 1637 (1998),Fantasy,Fantasy,1996
1638,Movie 1638 (1990),Mystery,Mystery,1996
1639,Movie 1639 (1991),Horror,Horror,1996
1640,Movie 1640 (1992),Action,Action,1996
1641,Movie 1641 (1993),Documentary,Documentary,1996
1642,Movie 1642 (1994),Sci-Fi,Sci-Fi,1996
1643,Movie 1643 (1995),Action,Action,1996
1644,Movie 1644 (1996),Musical,Musical,1996
1645,Movie 1645 (1997),Documentary,Documentary,1996
1646,Movie 1646 (1998),Sci-Fi,Sci-Fi,1996
1647,Movie 1647 (1990),Action,Action,1996
1648,Movie 1648 (1991),War,War,1996
1649,Movie 1649 (1992),War,War,1996
1650,Movie 1650 (1993),Animation,Animation,1996
1651,Movie 1651 (1994),Musical,Musical,1996
1652,Movie 1652 (1995),Crime,Crime,1996
1653,Movie 1653 (1996),Horror,Horror,1996
1654,Movie 1654 (1997),Animation,Animation,1996
1655,Movie 1655 (1998),Drama,Drama,1996
1656,Movie 1656 (1990),Romance,Romance,1996
1657,Movie 1657 (1991),Romance,Romance,1996
1658,Movie 1658 (1992),Film-Noir,Film-Noir,1996
1659,Movie 1659 (1993),Adventure,Adventure,1996
1660,Movie 1660 (1994),Romance,Romance,1996
1661,Movie 1661 (1995),Fantasy,Fantasy,1996
1662,Movie 1662 (1996),Animation,Animation,1996
1663,Movie 1663 (1997),Drama,Drama,1996
1664,Movie 1664 (1998),Thriller,Thriller,1996
1665,Movie 1665 (1990),Adventure,Adventure,1996
1666,Movie 1666 (1991),Crime,Crime,1996
1667,Movie 1667 (1992),Musical,Musical,1996
1668,Movie 1668 (1993),Comedy,Comedy,1996
1669,Movie 1669 (1994),Adventure,Adventure,1996
1670,Movie 1670 (1995),Thriller,Thriller,1996
1671,Movie 1671 (1996),Comedy,Comedy,1996
1672,Movie 1672 (1997),Sci-Fi,Sci-Fi,1996
1673,Movie 1673 (1998),Musical,Musical,1996
1674,Movie 1674 (1990),Childrens,Childrens,1996
1675,Movie 1675 (1991),Sci-Fi,Sci-Fi,1996
1676,Movie 1676 (1992),Horror,Horror,1996
1677,Movie 1677 (1993),Thriller,Thriller,1996
1678,Movie 1678 (1994),Crime,Crime,1996
1679,Movie 1679 (1995),Romance,Romance,1996
1680,Movie 1680 (1996),Western,Western,1996
1681,Movie 1681 (1997),Musical,Musical,1996
1682,Movie 1682 (1998),Horror,Horror,1996
